<?xml version="1.0" encoding="UTF-8"?>
<project xmlns="http://www.netbeans.org/ns/project/1">
    <type>com.microchip.mplab.nbide.embedded.makeproject</type>
    <configuration>
        <data xmlns="http://www.netbeans.org/ns/make-project/1">
            <name>lab3</name>
            <creation-uuid>9cd7c5aa-a11a-46cc-baf7-8964f4e28da4</creation-uuid>
            <make-project-type>0</make-project-type>
            <c-extensions/>
            <cpp-extensions/>
            <header-extensions/>
            <asminc-extensions/>
            <sourceEncoding>ISO-8859-1</sourceEncoding>
            <make-dep-projects/>
        </data>
    </configuration>
</project>
